{
  "0": {
    "precision": 0.9371787549971445,
    "recall": 0.8636842105263158,
    "f1-score": 0.8989317995069844,
    "support": 1900.0
  },
  "1": {
    "precision": 0.9630208333333333,
    "recall": 0.9731578947368421,
    "f1-score": 0.9680628272251309,
    "support": 1900.0
  },
  "2": {
    "precision": 0.8674033149171271,
    "recall": 0.8263157894736842,
    "f1-score": 0.8463611859838275,
    "support": 1900.0
  },
  "3": {
    "precision": 0.8301085417649835,
    "recall": 0.9257894736842105,
    "f1-score": 0.8753421249066932,
    "support": 1900.0
  },
  "accuracy": 0.8972368421052631,
  "macro avg": {
    "precision": 0.8994278612531471,
    "recall": 0.8972368421052632,
    "f1-score": 0.8971744844056591,
    "support": 7600.0
  },
  "weighted avg": {
    "precision": 0.8994278612531472,
    "recall": 0.8972368421052631,
    "f1-score": 0.8971744844056591,
    "support": 7600.0
  }
}